{
    "metadata": {
        "name": "Country",
        "description": "The Country codelist is generated from the ISO 3166-1 part of the ISO 3166 standard. The standard makes allowance, alongside the officially assigned codes, for code elements to be expanded by using either reserved codes or user-assigned codes. IATI currently defines additional codes in the XA -XZ range.",
        "url": null
    },
    "codelist-items": {
        "AF": {
            "name": "Afghanistan"
        },
        "AX": {
            "name": "\u00c5land Islands"
        },
        "AL": {
            "name": "Albania"
        },
        "DZ": {
            "name": "Algeria"
        },
        "AS": {
            "name": "American Samoa"
        },
        "AD": {
            "name": "Andorra"
        },
        "AO": {
            "name": "Angola"
        },
        "AI": {
            "name": "Anguilla"
        },
        "AQ": {
            "name": "Antarctica"
        },
        "AG": {
            "name": "Antigua and Barbuda"
        },
        "AR": {
            "name": "Argentina"
        },
        "AM": {
            "name": "Armenia"
        },
        "AW": {
            "name": "Aruba"
        },
        "AU": {
            "name": "Australia"
        },
        "AT": {
            "name": "Austria"
        },
        "AZ": {
            "name": "Azerbaijan"
        },
        "BS": {
            "name": "Bahamas (the)"
        },
        "BH": {
            "name": "Bahrain"
        },
        "BD": {
            "name": "Bangladesh"
        },
        "BB": {
            "name": "Barbados"
        },
        "BY": {
            "name": "Belarus"
        },
        "BE": {
            "name": "Belgium"
        },
        "BZ": {
            "name": "Belize"
        },
        "BJ": {
            "name": "Benin"
        },
        "BM": {
            "name": "Bermuda"
        },
        "BT": {
            "name": "Bhutan"
        },
        "BO": {
            "name": "Bolivia (Plurinational State of)"
        },
        "BQ": {
            "name": "Bonaire, Sint Eustatius and Saba"
        },
        "BA": {
            "name": "Bosnia and Herzegovina"
        },
        "BW": {
            "name": "Botswana"
        },
        "BV": {
            "name": "Bouvet Island"
        },
        "BR": {
            "name": "Brazil"
        },
        "IO": {
            "name": "British Indian Ocean Territory (the)"
        },
        "BN": {
            "name": "Brunei Darussalam"
        },
        "BG": {
            "name": "Bulgaria"
        },
        "BF": {
            "name": "Burkina Faso"
        },
        "BU": {
            "name": "Burma"
        },
        "BI": {
            "name": "Burundi"
        },
        "KH": {
            "name": "Cambodia"
        },
        "CM": {
            "name": "Cameroon"
        },
        "CA": {
            "name": "Canada"
        },
        "CV": {
            "name": "Cabo Verde"
        },
        "KY": {
            "name": "Cayman Islands (the)"
        },
        "CF": {
            "name": "Central African Republic (the)"
        },
        "TD": {
            "name": "Chad"
        },
        "CL": {
            "name": "Chile"
        },
        "CN": {
            "name": "China"
        },
        "CX": {
            "name": "Christmas Island"
        },
        "CC": {
            "name": "Cocos (Keeling) Islands (the)"
        },
        "CO": {
            "name": "Colombia"
        },
        "KM": {
            "name": "Comoros (the)"
        },
        "CG": {
            "name": "Congo (the)"
        },
        "CD": {
            "name": "Congo (the Democratic Republic of the)"
        },
        "CK": {
            "name": "Cook Islands (the)"
        },
        "CR": {
            "name": "Costa Rica"
        },
        "CI": {
            "name": "C\u00f4te d'Ivoire"
        },
        "HR": {
            "name": "Croatia"
        },
        "CU": {
            "name": "Cuba"
        },
        "CW": {
            "name": "Cura\u00e7ao"
        },
        "CY": {
            "name": "Cyprus"
        },
        "CZ": {
            "name": "Czechia"
        },
        "DK": {
            "name": "Denmark"
        },
        "DJ": {
            "name": "Djibouti"
        },
        "DM": {
            "name": "Dominica"
        },
        "DO": {
            "name": "Dominican Republic (the)"
        },
        "TP": {
            "name": "East Timor"
        },
        "EC": {
            "name": "Ecuador"
        },
        "EG": {
            "name": "Egypt"
        },
        "SV": {
            "name": "El Salvador"
        },
        "GQ": {
            "name": "Equatorial Guinea"
        },
        "ER": {
            "name": "Eritrea"
        },
        "EE": {
            "name": "Estonia"
        },
        "ET": {
            "name": "Ethiopia"
        },
        "FK": {
            "name": "Falkland Islands (the) [Malvinas]"
        },
        "FO": {
            "name": "Faroe Islands (the)"
        },
        "FJ": {
            "name": "Fiji"
        },
        "FI": {
            "name": "Finland"
        },
        "FR": {
            "name": "France"
        },
        "GF": {
            "name": "French Guiana"
        },
        "PF": {
            "name": "French Polynesia"
        },
        "TF": {
            "name": "French Southern Territories (the)"
        },
        "GA": {
            "name": "Gabon"
        },
        "GM": {
            "name": "Gambia (the)"
        },
        "GE": {
            "name": "Georgia"
        },
        "DE": {
            "name": "Germany"
        },
        "GH": {
            "name": "Ghana"
        },
        "GI": {
            "name": "Gibraltar"
        },
        "GR": {
            "name": "Greece"
        },
        "GL": {
            "name": "Greenland"
        },
        "GD": {
            "name": "Grenada"
        },
        "GP": {
            "name": "Guadeloupe"
        },
        "GU": {
            "name": "Guam"
        },
        "GT": {
            "name": "Guatemala"
        },
        "GG": {
            "name": "Guernsey"
        },
        "GN": {
            "name": "Guinea"
        },
        "GW": {
            "name": "Guinea-Bissau"
        },
        "GY": {
            "name": "Guyana"
        },
        "HT": {
            "name": "Haiti"
        },
        "HM": {
            "name": "Heard Island and McDonald Islands"
        },
        "VA": {
            "name": "Holy See (the)"
        },
        "HN": {
            "name": "Honduras"
        },
        "HK": {
            "name": "Hong Kong"
        },
        "HU": {
            "name": "Hungary"
        },
        "IS": {
            "name": "Iceland"
        },
        "IN": {
            "name": "India"
        },
        "ID": {
            "name": "Indonesia"
        },
        "IR": {
            "name": "Iran (Islamic Republic of)"
        },
        "IQ": {
            "name": "Iraq"
        },
        "IE": {
            "name": "Ireland"
        },
        "IM": {
            "name": "Isle of Man"
        },
        "IL": {
            "name": "Israel"
        },
        "IT": {
            "name": "Italy"
        },
        "JM": {
            "name": "Jamaica"
        },
        "JP": {
            "name": "Japan"
        },
        "JE": {
            "name": "Jersey"
        },
        "JO": {
            "name": "Jordan"
        },
        "KZ": {
            "name": "Kazakhstan"
        },
        "KE": {
            "name": "Kenya"
        },
        "KI": {
            "name": "Kiribati"
        },
        "KP": {
            "name": "Korea (the Democratic People's Republic of)"
        },
        "KR": {
            "name": "Korea (the Republic of)"
        },
        "XK": {
            "name": "Kosovo"
        },
        "KW": {
            "name": "Kuwait"
        },
        "KG": {
            "name": "Kyrgyzstan"
        },
        "LA": {
            "name": "Lao People's Democratic Republic (the)"
        },
        "LV": {
            "name": "Latvia"
        },
        "LB": {
            "name": "Lebanon"
        },
        "LS": {
            "name": "Lesotho"
        },
        "LR": {
            "name": "Liberia"
        },
        "LY": {
            "name": "Libya"
        },
        "LI": {
            "name": "Liechtenstein"
        },
        "LT": {
            "name": "Lithuania"
        },
        "LU": {
            "name": "Luxembourg"
        },
        "MO": {
            "name": "Macao"
        },
        "MK": {
            "name": "North Macedonia"
        },
        "MG": {
            "name": "Madagascar"
        },
        "MW": {
            "name": "Malawi"
        },
        "MY": {
            "name": "Malaysia"
        },
        "MV": {
            "name": "Maldives"
        },
        "ML": {
            "name": "Mali"
        },
        "MT": {
            "name": "Malta"
        },
        "MH": {
            "name": "Marshall Islands (the)"
        },
        "MQ": {
            "name": "Martinique"
        },
        "MR": {
            "name": "Mauritania"
        },
        "MU": {
            "name": "Mauritius"
        },
        "YT": {
            "name": "Mayotte"
        },
        "MX": {
            "name": "Mexico"
        },
        "FM": {
            "name": "Micronesia (Federated States of)"
        },
        "MD": {
            "name": "Moldova (the Republic of)"
        },
        "MC": {
            "name": "Monaco"
        },
        "MN": {
            "name": "Mongolia"
        },
        "ME": {
            "name": "Montenegro"
        },
        "MS": {
            "name": "Montserrat"
        },
        "MA": {
            "name": "Morocco"
        },
        "MZ": {
            "name": "Mozambique"
        },
        "MM": {
            "name": "Myanmar"
        },
        "NA": {
            "name": "Namibia"
        },
        "NR": {
            "name": "Nauru"
        },
        "NP": {
            "name": "Nepal"
        },
        "NL": {
            "name": "Netherlands (the)"
        },
        "AN": {
            "name": "Netherlands Antilles"
        },
        "NT": {
            "name": "Neutral Zone"
        },
        "NC": {
            "name": "New Caledonia"
        },
        "NZ": {
            "name": "New Zealand"
        },
        "NI": {
            "name": "Nicaragua"
        },
        "NE": {
            "name": "Niger (the)"
        },
        "NG": {
            "name": "Nigeria"
        },
        "NU": {
            "name": "Niue"
        },
        "NF": {
            "name": "Norfolk Island"
        },
        "MP": {
            "name": "Northern Mariana Islands (the)"
        },
        "NO": {
            "name": "Norway"
        },
        "OM": {
            "name": "Oman"
        },
        "PK": {
            "name": "Pakistan"
        },
        "PW": {
            "name": "Palau"
        },
        "PS": {
            "name": "Palestine, State of"
        },
        "PA": {
            "name": "Panama"
        },
        "PG": {
            "name": "Papua New Guinea"
        },
        "PY": {
            "name": "Paraguay"
        },
        "PE": {
            "name": "Peru"
        },
        "PH": {
            "name": "Philippines (the)"
        },
        "PN": {
            "name": "Pitcairn"
        },
        "PL": {
            "name": "Poland"
        },
        "PT": {
            "name": "Portugal"
        },
        "PR": {
            "name": "Puerto Rico"
        },
        "QA": {
            "name": "Qatar"
        },
        "RE": {
            "name": "R\u00e9union"
        },
        "RO": {
            "name": "Romania"
        },
        "RU": {
            "name": "Russian Federation (the)"
        },
        "RW": {
            "name": "Rwanda"
        },
        "BL": {
            "name": "Saint Barth\u00e9lemy"
        },
        "SH": {
            "name": "Saint Helena, Ascension and Tristan da Cunha"
        },
        "KN": {
            "name": "Saint Kitts and Nevis"
        },
        "LC": {
            "name": "Saint Lucia"
        },
        "MF": {
            "name": "Saint Martin (French part)"
        },
        "PM": {
            "name": "Saint Pierre and Miquelon"
        },
        "VC": {
            "name": "Saint Vincent and the Grenadines"
        },
        "WS": {
            "name": "Samoa"
        },
        "SM": {
            "name": "San Marino"
        },
        "ST": {
            "name": "Sao Tome and Principe"
        },
        "SA": {
            "name": "Saudi Arabia"
        },
        "SN": {
            "name": "Senegal"
        },
        "RS": {
            "name": "Serbia"
        },
        "SC": {
            "name": "Seychelles"
        },
        "SL": {
            "name": "Sierra Leone"
        },
        "SG": {
            "name": "Singapore"
        },
        "SX": {
            "name": "Sint Maarten (Dutch part)"
        },
        "SK": {
            "name": "Slovakia"
        },
        "SI": {
            "name": "Slovenia"
        },
        "SB": {
            "name": "Solomon Islands"
        },
        "SO": {
            "name": "Somalia"
        },
        "ZA": {
            "name": "South Africa"
        },
        "GS": {
            "name": "South Georgia and the South Sandwich Islands"
        },
        "SS": {
            "name": "South Sudan"
        },
        "ES": {
            "name": "Spain"
        },
        "LK": {
            "name": "Sri Lanka"
        },
        "SD": {
            "name": "Sudan (the)"
        },
        "SR": {
            "name": "Suriname"
        },
        "SJ": {
            "name": "Svalbard and Jan Mayen"
        },
        "SZ": {
            "name": "Eswatini"
        },
        "CS": {
            "name": "Serbia and Montenegro"
        },
        "SE": {
            "name": "Sweden"
        },
        "CH": {
            "name": "Switzerland"
        },
        "SY": {
            "name": "Syrian Arab Republic (the)"
        },
        "TW": {
            "name": "Taiwan (Province of China)"
        },
        "TJ": {
            "name": "Tajikistan"
        },
        "TZ": {
            "name": "Tanzania, the United Republic of"
        },
        "TH": {
            "name": "Thailand"
        },
        "TL": {
            "name": "Timor-Leste"
        },
        "TG": {
            "name": "Togo"
        },
        "TK": {
            "name": "Tokelau"
        },
        "TO": {
            "name": "Tonga"
        },
        "TT": {
            "name": "Trinidad and Tobago"
        },
        "TN": {
            "name": "Tunisia"
        },
        "TR": {
            "name": "Turkey"
        },
        "TM": {
            "name": "Turkmenistan"
        },
        "TC": {
            "name": "Turks and Caicos Islands (the)"
        },
        "TV": {
            "name": "Tuvalu"
        },
        "UG": {
            "name": "Uganda"
        },
        "UA": {
            "name": "Ukraine"
        },
        "AE": {
            "name": "United Arab Emirates (the)"
        },
        "GB": {
            "name": "United Kingdom of Great Britain and Northern Ireland (the)"
        },
        "US": {
            "name": "United States of America (the)"
        },
        "UM": {
            "name": "United States Minor Outlying Islands (the)"
        },
        "UY": {
            "name": "Uruguay"
        },
        "UZ": {
            "name": "Uzbekistan"
        },
        "VU": {
            "name": "Vanuatu"
        },
        "VE": {
            "name": "Venezuela (Bolivarian Republic of)"
        },
        "VN": {
            "name": "Viet Nam"
        },
        "VG": {
            "name": "Virgin Islands (British)"
        },
        "VI": {
            "name": "Virgin Islands (U.S.)"
        },
        "WF": {
            "name": "Wallis and Futuna"
        },
        "EH": {
            "name": "Western Sahara"
        },
        "YE": {
            "name": "Yemen"
        },
        "YU": {
            "name": "Yugoslavia"
        },
        "ZR": {
            "name": "Zaire"
        },
        "ZM": {
            "name": "Zambia"
        },
        "ZW": {
            "name": "Zimbabwe"
        }
    }
}